,City,Cloudiness,Country,Date,Humidity,Lat,Lng,Max Temp,Wind Speed
0,Shitanjing,8,CN,1570171506,38,39.23,106.34,58.66,14.99
1,Sao Filipe,84,CV,1570171184,83,14.9,-24.5,78.51,1.83
2,Ushuaia,40,AR,1570171509,70,-54.81,-68.31,42.8,12.75
3,Port Elizabeth,90,US,1570170947,88,39.31,-74.98,71.6,8.05
4,Faanui,22,PF,1570171421,80,-16.48,-151.75,78.47,16.98
5,Rikitea,83,PF,1570171512,78,-23.12,-134.97,69.56,24.58
6,Yellowknife,20,CA,1570171514,93,62.45,-114.38,39.2,4.7
7,Albany,90,US,1570171223,93,42.65,-73.75,53.01,3.36
8,Busselton,87,AU,1570171516,61,-33.64,115.35,64.0,29.44
9,Port Alfred,30,ZA,1570171518,72,-33.59,26.89,66.0,3.0
10,Punta Arenas,75,CL,1570170976,70,-53.16,-70.91,42.8,17.22
11,Saskylakh,0,RU,1570171520,77,71.97,114.09,18.79,1.43
12,Fort Abbas,79,PK,1570171521,32,29.19,72.85,90.82,2.33
13,Butaritari,100,KI,1570171077,70,3.07,172.79,83.01,9.71
14,Thompson,5,CA,1570171524,80,55.74,-97.86,33.8,4.7
15,Vaini,40,IN,1570171525,69,15.34,74.49,80.6,2.24
16,Mahanoro,61,MG,1570171498,66,-19.9,48.8,79.36,2.51
17,Bredasdorp,97,ZA,1570171528,59,-34.53,20.04,63.0,3.36
18,Baruun-Urt,0,MN,1570170956,30,46.68,113.28,46.02,11.99
19,Saint-Philippe,90,CA,1570171440,100,45.36,-73.48,46.0,11.41
20,Puerto Ayora,100,EC,1570170939,97,-0.74,-90.35,64.99,3.0
21,Zhigansk,30,RU,1570171291,53,66.77,123.37,29.21,5.79
22,Vao,100,EE,1570171534,86,59.1,26.19,38.86,11.03
23,Mataura,99,NZ,1570171413,58,-46.19,168.86,57.99,15.01
24,Iralaya,22,HN,1570171537,93,15.0,-83.23,76.1,2.84
25,Kenai,90,US,1570171538,81,60.55,-151.26,44.6,2.06
26,Barrow,100,AR,1570171539,63,-38.31,-60.23,41.38,9.08
27,Aracati,22,BR,1570171541,80,-4.56,-37.77,75.9,6.51
28,Richards Bay,35,ZA,1570171019,79,-28.77,32.06,69.26,9.06
29,Bethel,90,US,1570171170,93,60.79,-161.76,46.4,20.8
30,Upernavik,79,GL,1570171073,75,72.79,-56.15,37.29,10.29
31,Kanniyakumari,79,IN,1570171546,76,8.08,77.57,82.33,10.31
32,Victoria,75,BN,1570171547,70,5.28,115.24,87.8,5.82
33,Carnarvon,0,ZA,1570171549,21,-30.97,22.13,55.76,1.1
34,New Norfolk,40,AU,1570170953,53,-42.78,147.06,53.6,16.11
35,Westport,90,US,1570171423,100,41.14,-73.36,60.01,2.68
36,Aswan,0,EG,1570171163,26,24.09,32.9,82.4,8.05
37,Yeppoon,0,AU,1570171554,39,-23.13,150.74,78.8,9.17
38,Esmeraldas,0,BR,1570171555,63,-19.76,-44.31,68.0,8.05
39,Cabo San Lucas,44,MX,1570170995,75,22.89,-109.91,81.0,7.29
40,Tasiilaq,100,GL,1570171558,75,65.61,-37.64,42.8,18.34
41,Atuona,22,PF,1570171559,78,-9.8,-139.03,79.99,17.43
42,Arlit,0,NE,1570171137,10,18.74,7.39,86.34,8.03
43,Souillac,75,FR,1570171561,93,45.6,-0.6,61.0,6.93
44,Alamogordo,75,US,1570171563,100,32.9,-105.96,64.4,6.93
45,Dikson,100,RU,1570171524,91,73.51,80.55,27.8,26.53
46,Cape Town,40,ZA,1570171274,77,-33.93,18.42,64.0,18.34
47,Pevek,100,RU,1570171567,72,69.7,170.27,32.29,17.4
48,Dubbo,0,AU,1570171568,8,-32.25,148.6,87.8,14.99
49,Bluff,0,AU,1570171428,19,-23.58,149.07,83.3,13.33
50,Norman Wells,75,CA,1570171113,93,65.28,-126.83,39.2,3.36
51,Ilam,0,IR,1570171572,15,33.64,46.42,80.6,11.41
52,Vinh,70,VN,1570171573,56,18.67,105.69,91.18,2.86
53,Isiro,98,CD,1570171574,95,2.77,27.62,70.9,1.48
54,Muisne,100,EC,1570171576,87,0.61,-80.02,74.35,16.84
55,Chuy,100,UY,1570171577,89,-33.69,-53.46,55.67,19.71
56,Hithadhoo,89,MV,1570171046,78,-0.6,73.08,81.98,12.3
57,Chimbote,82,PE,1570171100,93,-9.08,-78.59,60.78,12.24
58,Naze,100,NG,1570171581,96,5.43,7.07,72.1,2.48
59,San Luis de la Paz,25,MX,1570171583,88,21.3,-100.52,60.01,3.36
60,Ponta do Sol,0,BR,1570171584,62,-20.63,-46.0,64.09,7.61
61,Sitka,98,US,1570171586,85,37.17,-99.65,53.01,9.42
62,Rawson,41,AR,1570171328,45,-43.3,-65.11,49.94,19.91
63,Kukuna,100,SL,1570171588,97,8.64,-12.57,73.52,2.51
64,Lasa,20,CY,1570171590,50,34.92,32.53,77.0,3.36
65,Yalvac,0,TR,1570171591,62,38.3,31.18,57.2,3.36
66,Benjamin Constant,40,BR,1570171592,100,-4.38,-70.03,75.2,2.24
67,Arman,91,RU,1570171429,83,59.7,150.17,24.98,5.59
68,Beringovskiy,0,RU,1570171360,64,63.05,179.32,24.17,18.05
69,San Quintin,1,PH,1570171176,75,17.54,120.52,83.32,6.2
70,Hermanus,100,ZA,1570171386,69,-34.42,19.24,63.0,11.01
71,Kushiro,75,JP,1570171599,100,43.11,144.15,62.6,20.8
72,Castro,90,CL,1570171600,86,-42.48,-73.76,41.0,2.15
73,Vila Velha,40,BR,1570171601,78,-3.71,-38.6,78.8,14.99
74,Jamestown,96,AU,1570171602,13,-33.21,138.6,90.34,20.07
75,Poli,100,CM,1570171604,95,8.48,13.24,71.08,3.8
76,Chokurdakh,100,RU,1570171415,95,70.62,147.9,27.32,18.92
77,Inhambane,75,MZ,1570171606,69,-23.87,35.38,75.2,9.17
78,Ust-Maya,39,RU,1570171608,45,60.42,134.54,32.66,2.48
79,Hilo,90,US,1570171609,78,19.71,-155.08,78.8,9.17
80,Vila Franca do Campo,20,PT,1570171408,88,37.72,-25.43,69.01,12.75
81,Turukhansk,100,RU,1570171197,96,65.8,87.96,44.74,12.73
82,Cockburn Town,100,TC,1570171613,75,21.46,-71.14,83.08,6.49
83,Gambela,93,ET,1570171614,90,8.25,34.59,72.61,0.43
84,Aquiraz,40,BR,1570171616,78,-3.9,-38.39,78.8,14.99
85,Poum,75,MK,1570170867,93,41.28,20.71,50.0,3.36
86,La Romana,40,DO,1570171618,94,18.43,-68.97,77.0,4.07
87,Qaanaaq,75,GL,1570171393,61,77.48,-69.36,26.06,7.99
88,Lavrentiya,100,RU,1570171621,96,65.58,-170.99,33.22,6.13
89,Longyearbyen,75,NO,1570171252,96,78.22,15.63,32.0,4.7
90,Lagoa,0,PT,1570171624,82,37.14,-8.45,66.2,8.05
91,Zarinsk,44,RU,1570171625,49,53.71,84.95,50.48,7.94
92,Hurricane,1,US,1570171626,42,37.18,-113.29,64.4,10.85
93,Kodiak,40,US,1570171312,93,39.95,-94.76,50.0,6.93
94,Haines Junction,71,CA,1570171068,69,60.75,-137.51,31.75,1.99
95,Anadyr,20,RU,1570171630,68,64.73,177.51,28.4,29.08
96,Olinda,75,AU,1570171631,81,-37.84,145.39,55.99,11.41
97,Havelock,20,US,1570171092,88,34.88,-76.9,80.6,6.93
98,Tongren,29,CN,1570171634,46,27.72,109.18,86.74,4.63
99,Ancud,90,CL,1570171635,86,-41.87,-73.83,41.0,3.42
100,Tumut,18,AU,1570171637,57,-35.3,148.22,67.6,6.26
101,Okhotsk,0,RU,1570171153,38,59.36,143.24,33.01,16.46
102,Avenal,20,US,1570171639,44,36.0,-120.13,64.4,11.41
103,Teahupoo,20,PF,1570171641,74,-17.83,-149.27,78.8,4.7
104,Talnakh,75,RU,1570171642,100,69.49,88.39,41.0,17.9
105,Kisaran,100,ID,1570171643,57,2.98,99.62,88.46,1.16
106,Clyde River,90,CA,1570171332,94,70.47,-68.59,32.0,5.82
107,Guerrero Negro,0,MX,1570171646,78,27.97,-114.04,67.48,13.67
108,Barra Patuca,91,HN,1570171647,82,15.8,-84.28,82.13,10.67
109,Namatanai,58,PG,1570171649,78,-3.66,152.44,80.47,9.42
110,Garissa,28,KE,1570171650,58,-0.46,39.64,82.61,17.31
111,Kavieng,77,PG,1570171195,69,-2.57,150.8,84.72,9.57
112,Cap Malheureux,11,MU,1570171652,86,-19.98,57.61,77.0,5.99
113,Geraldton,75,CA,1570171060,86,49.72,-86.95,33.8,3.36
114,Kantilo,75,IN,1570171655,74,20.35,85.18,87.8,2.24
115,Gamba,0,CN,1570171657,38,28.28,88.52,46.27,5.1
116,Pahalgam,100,IN,1570171658,53,34.03,75.33,61.05,4.97
117,Provideniya,90,RU,1570171659,69,64.42,-173.23,35.6,15.66
118,Kayes,88,ML,1570171661,76,14.44,-11.44,80.09,11.88
119,Rorvik,0,NO,1570171662,86,64.86,11.24,35.01,12.75
120,Kapaa,75,US,1570171664,78,22.08,-159.32,80.6,19.46
121,Teya,40,MX,1570171665,94,21.05,-89.07,80.01,2.04
122,Lebu,10,ET,1570171666,81,8.96,38.73,59.92,4.47
123,Damghan,18,IR,1570171668,29,36.17,54.34,60.65,6.11
124,Ostrovnoy,99,RU,1570171669,81,68.05,39.51,34.82,12.53
125,Albion,1,US,1570171601,93,41.69,-98.0,42.01,3.36
126,Butia,5,BR,1570171672,71,-21.88,-47.57,61.54,7.49
127,Cururupu,1,BR,1570171303,98,-1.82,-44.87,71.51,2.28
128,Oda,75,JP,1570171674,68,35.19,132.5,71.6,13.87
129,Tommot,100,RU,1570171263,94,58.97,126.27,34.64,10.63
130,Constitucion,79,MX,1570171677,70,23.99,-104.67,63.0,1.9
131,Alcudia,0,ES,1570171678,87,39.85,3.12,70.0,5.82
132,Coquimbo,0,CL,1570171497,76,-29.95,-71.34,50.0,22.03
133,Mahebourg,34,MU,1570171680,86,-20.41,57.7,77.0,5.99
134,Ternate,90,PH,1570171682,83,14.29,120.72,84.0,5.82
135,Ahipara,0,NZ,1570171683,85,-35.17,173.16,57.0,11.25
136,Dwarka,40,IN,1570171593,69,28.58,77.04,86.0,9.17
137,Keelung,40,TW,1570171686,63,25.13,121.74,91.4,9.17
138,Bergen,20,NO,1570171687,65,60.39,5.33,46.99,6.93
139,Uribia,47,CO,1570171688,85,11.71,-72.27,79.01,5.75
140,Ratnagiri,89,IN,1570171690,77,16.98,73.3,83.19,9.98
141,Cherskiy,100,RU,1570171691,93,68.75,161.3,24.2,6.46
142,Sarany,100,RU,1570171693,95,58.55,58.76,50.29,9.4
143,Bambous Virieux,34,MU,1570171640,86,-20.34,57.76,77.0,5.99
144,Kruisfontein,60,ZA,1570171695,66,-34.0,24.73,59.77,4.32
145,Cidreira,100,BR,1570171472,95,-30.17,-50.22,64.49,11.77
146,Labuhan,91,ID,1570171698,39,-2.54,115.51,91.09,7.45
147,Bassar,75,TG,1570171699,83,9.26,0.78,69.8,5.82
148,Avera,1,US,1570171700,73,33.19,-82.53,80.6,4.7
149,Eureka,75,US,1570171609,100,40.8,-124.16,50.0,4.7
150,Ninghai,75,CN,1570171703,55,29.29,121.42,91.99,2.24
151,Biak,75,ID,1570171704,70,-0.91,122.88,72.44,6.51
152,Pisco,35,PE,1570171705,88,-13.71,-76.2,62.6,4.7
153,Tambacounda,75,SN,1570171707,83,13.77,-13.67,78.8,4.7
154,Brunsbuttel,90,DE,1570171708,100,53.9,9.15,48.2,5.82
155,Jinchang,98,CN,1570171287,63,38.52,102.19,51.91,15.17
156,Nikolskoye,90,RU,1570171446,86,59.7,30.79,37.99,8.95
157,Hobart,40,AU,1570171712,40,-42.88,147.33,51.8,19.46
158,Lima,90,PE,1570171271,93,-12.06,-77.04,60.8,9.17
159,Ribeira Grande,75,PT,1570171715,83,38.52,-28.7,71.6,12.75
160,Arraial do Cabo,1,BR,1570171716,91,-22.97,-42.02,68.68,12.71
161,Puerto Carreno,100,CO,1570171717,97,6.19,-67.49,74.23,4.85
162,Indiana,90,US,1570171719,88,40.62,-79.15,64.99,6.58
163,Aplahoue,99,BJ,1570171720,96,6.93,1.68,71.83,2.55
164,Tarauaca,97,BR,1570171722,96,-8.16,-70.77,71.54,2.71
165,Saldanha,14,PT,1570171524,94,41.42,-6.55,57.52,1.43
166,Sur,0,OM,1570171724,39,22.57,59.53,94.85,5.01
167,Grand Gaube,11,MU,1570171726,86,-20.01,57.66,77.0,5.99
168,Bella Union,95,CO,1570171727,94,8.5,-73.35,66.63,2.33
169,San Cristobal,100,HN,1570171729,96,14.68,-86.92,67.24,1.97
170,Bathsheba,40,BB,1570171118,78,13.22,-59.52,82.4,5.82
171,Dandong,67,CN,1570171731,61,40.12,124.37,62.29,16.37
172,Ambilobe,24,MG,1570171732,42,-13.19,49.05,88.48,11.74
173,Chumikan,0,RU,1570171373,35,54.72,135.31,41.74,12.84
174,Sobolevo,100,RU,1570171735,89,54.43,31.9,44.94,10.96
175,Tshikapa,100,CD,1570171736,90,-6.42,20.79,71.99,4.23
176,Lorengau,65,PG,1570171737,72,-2.02,147.27,83.24,5.99
177,Celestun,0,MX,1570171739,79,20.87,-90.4,82.25,6.2
178,Saint-Augustin,90,CA,1570171404,93,45.63,-73.98,44.01,8.05
179,Mopipi,0,BW,1570171742,51,-21.2,24.86,72.97,16.73
180,Evensk,7,RU,1570171154,52,61.92,159.24,30.45,2.44
181,Komsomolskiy,100,RU,1570171744,96,67.55,63.78,34.77,18.34
182,Uvat,100,RU,1570171746,74,59.14,68.9,44.71,9.84
183,Miri,92,NG,1570171747,83,10.31,9.75,71.9,4.61
184,Goderich,62,CA,1570171748,86,43.74,-81.71,55.99,17.0
185,Takaka,9,NZ,1570171750,85,-40.86,172.81,57.99,7.0
186,Mitchell,75,US,1570171751,93,43.71,-98.03,37.4,5.82
187,Mount Gambier,40,AU,1570171752,87,-37.83,140.78,53.6,11.41
188,Husavik,0,CA,1570171204,85,50.56,-96.99,41.0,5.44
189,Maniitsoq,56,GL,1570171755,57,65.42,-52.9,39.74,11.77
190,Roald,0,NO,1570171756,56,62.58,6.12,44.6,9.17
191,Isangel,75,VU,1570171220,64,-19.55,169.27,75.2,5.82
192,Hokitika,100,NZ,1570171759,78,-42.72,170.96,50.86,1.34
193,Ewa Beach,75,US,1570171760,78,21.32,-158.01,82.0,3.36
194,Bay Roberts,40,CA,1570171762,86,47.58,-53.28,41.0,14.99
195,Sechura,90,PE,1570171763,88,-5.56,-80.82,63.17,13.98
196,Alvaraes,45,BR,1570171764,85,-3.22,-64.8,74.19,2.01
197,Aklavik,90,CA,1570171765,100,68.22,-135.01,35.6,1.83
198,Zhangye,0,CN,1570171292,44,38.94,100.46,58.78,7.23
199,Bilibino,86,RU,1570171681,96,68.06,166.44,6.8,2.75
200,Iqaluit,20,CA,1570171769,79,63.75,-68.52,32.0,18.34
201,Kieta,98,PG,1570171771,80,-6.22,155.63,81.52,14.38
202,Lahat,100,ID,1570171772,39,-3.78,103.55,86.02,6.91
203,Assen,90,NL,1570171773,93,53.0,6.56,50.0,6.93
204,Tezu,0,IN,1570171775,54,27.93,96.16,86.41,2.86
205,Katsuura,40,JP,1570171776,51,33.93,134.5,82.4,16.11
206,Maceio,40,BR,1570171205,94,-9.67,-35.74,73.4,2.24
207,Balaipungut,34,ID,1570171779,72,1.11,101.31,85.12,2.82
208,Miranda,7,BR,1570171780,63,-20.24,-56.38,75.83,0.81
209,Muros,90,ES,1570171781,100,42.77,-9.06,64.0,2.24
210,Necochea,100,AR,1570171783,81,-38.55,-58.74,44.01,4.0
211,Marawi,51,PH,1570171784,78,8.0,124.29,84.0,4.0
212,Ribas do Rio Pardo,35,BR,1570171785,64,-20.45,-53.76,75.99,1.92
213,Atambua,0,ID,1570171786,72,-9.11,124.89,79.32,10.51
214,Hasaki,40,JP,1570171788,61,35.73,140.83,84.0,13.87
215,Pundaguitan,41,PH,1570171789,72,6.37,126.17,82.97,8.59
216,Hobyo,40,SO,1570171790,60,5.35,48.53,85.01,6.98
217,Sabang,37,PH,1570171792,78,13.8,121.11,82.0,4.0
218,Margate,40,AU,1570171793,40,-43.03,147.26,51.8,19.46
219,Aksu,0,KZ,1570171794,26,52.04,76.93,60.8,6.71
220,Mercedes,62,UY,1570171796,82,-33.25,-58.03,55.99,5.99
221,Qiongshan,40,CN,1570171797,66,20.01,110.35,87.8,13.42
222,Zlitan,0,LY,1570171798,63,32.47,14.57,72.35,18.54
223,Saint George,75,GR,1570171800,72,39.45,22.34,66.2,6.93
224,Severo-Kurilsk,100,RU,1570171801,75,50.68,156.12,42.46,13.49
225,Cabra,0,ES,1570171802,87,37.47,-4.43,60.01,3.36
226,Narsaq,72,GL,1570171258,32,60.91,-46.05,51.8,13.87
227,Nelson Bay,0,AU,1570171805,78,-32.72,152.14,72.0,26.4
228,Benguela,70,AO,1570171806,85,-12.58,13.4,70.55,7.29
229,Russell,90,US,1570171808,76,38.9,-98.86,55.99,10.29
230,Goba,3,ET,1570171809,79,7.01,39.97,55.4,3.02
231,Torrington,1,US,1570171810,61,42.06,-104.18,50.0,16.11
232,Kalga,66,RU,1570171812,34,50.92,118.9,43.91,11.56
233,West Bay,75,CA,1570171813,81,49.34,-123.21,53.01,9.17
234,Erdenet,0,MN,1570171814,55,49.03,104.04,39.49,5.93
235,Namibe,24,AO,1570171816,75,-15.19,12.15,66.14,0.65
236,Padang,72,ID,1570171817,87,-0.92,100.36,78.04,14.56
237,Taltal,0,CL,1570171818,89,-25.41,-70.49,47.06,0.78
238,San Patricio,89,PY,1570171427,96,-26.98,-56.83,69.26,3.0
239,Tiksi,100,RU,1570171821,90,71.64,128.87,27.14,24.09
240,Sturlic,5,BA,1570171822,91,45.06,15.78,46.0,2.55
241,Amga,50,RU,1570171824,50,60.89,131.98,32.09,5.5
242,Marsh Harbour,0,BS,1570171825,81,26.54,-77.06,80.36,8.75
243,Kaihua,0,CN,1570171826,31,29.14,118.41,92.05,5.64
244,Karpogory,100,RU,1570171828,87,64.0,44.44,34.21,8.57
245,Alamor,100,EC,1570171829,78,-4.02,-80.02,63.01,7.2
246,Havoysund,40,NO,1570171830,86,71.0,24.66,33.8,8.05
247,Fukue,20,JP,1570171832,61,35.03,136.69,79.0,25.28
248,Dekar,27,BW,1570171833,29,-21.53,21.93,70.07,1.54
249,Eydhafushi,100,MV,1570171834,66,5.1,73.07,83.37,5.06
250,Otane,0,NZ,1570171836,70,-39.89,176.62,50.0,8.01
251,Nome,1,US,1570171413,88,30.04,-94.42,78.8,6.93
252,Kuznetsk,74,RU,1570171838,76,53.11,46.6,58.15,14.81
253,Kargopol,100,RU,1570171839,97,61.51,38.95,32.5,12.12
254,Los Llanos de Aridane,40,ES,1570171298,83,28.66,-17.92,75.0,12.75
255,Poya,21,NC,1570171842,73,-21.35,165.16,69.64,22.66
256,Nemuro,75,JP,1570171409,100,43.32,145.57,59.0,4.7
257,San Borja,100,BO,1570171845,97,-14.86,-66.75,68.36,1.72
258,Taiobeiras,23,BR,1570171846,86,-15.81,-42.23,64.31,8.88
259,Te Anau,90,NZ,1570171847,84,-45.41,167.72,46.99,9.64
260,Port Lincoln,100,AU,1570171849,82,-34.72,135.86,59.88,15.43
261,Avarua,64,CK,1570171850,73,-21.21,-159.78,75.2,4.7
262,Fereydun Kenar,20,IR,1570171851,64,36.69,52.52,75.2,2.24
263,Gazanjyk,0,TM,1570171853,20,39.24,55.52,69.94,20.69
264,Codrington,0,AU,1570171854,47,-28.95,153.24,86.0,16.11
265,Portland,90,US,1570171225,93,43.66,-70.25,48.0,3.36
266,Ketchikan,90,US,1570171394,93,55.34,-131.65,51.8,4.92
267,Tak Bai,75,TH,1570171858,70,6.26,102.05,89.6,10.29
268,Murmashi,75,RU,1570171859,86,68.82,32.82,33.8,6.71
269,Bilma,0,NE,1570171861,11,18.69,12.92,83.48,7.09
270,Hami,14,CN,1570171385,22,42.84,93.51,69.83,11.9
271,Hambantota,40,LK,1570171705,66,6.12,81.12,89.6,4.7
272,Walvis Bay,13,NA,1570171726,82,-22.95,14.51,57.2,9.17
273,Vitim,100,RU,1570171866,97,59.44,112.57,38.6,11.36
274,Mayo,5,CA,1570171422,100,63.59,-135.9,28.4,3.36
275,Mar del Plata,0,AR,1570171868,55,-46.43,-67.52,43.95,19.64
276,Taoudenni,1,ML,1570171869,13,22.68,-3.98,84.63,9.78
277,Ilulissat,100,GL,1570171871,36,69.22,-51.1,46.4,18.34
278,Atbasar,64,KZ,1570171872,37,51.81,68.36,53.96,7.87
279,Batagay-Alyta,100,RU,1570171873,71,67.8,130.41,11.41,4.21
280,Mayor Pablo Lagerenza,9,PY,1570171875,48,-19.93,-60.77,66.36,3.27
281,Rosetta,0,EG,1570171876,78,31.4,30.42,75.2,4.7
282,Khatanga,3,RU,1570171877,60,71.98,102.47,28.4,16.28
283,Sistranda,20,NO,1570171628,69,63.73,8.83,37.4,16.11
284,Adrar,92,DZ,1570171880,22,27.87,-0.29,66.2,9.17
285,Shawnee,1,US,1570171882,93,35.33,-96.93,57.99,9.17
286,Puerto Maldonado,100,PE,1570171883,98,-12.59,-69.19,71.27,1.43
287,East London,75,ZA,1570171884,77,-33.02,27.91,64.4,5.82
288,Torbay,40,CA,1570171886,76,47.66,-52.73,41.0,14.99
289,Athabasca,0,CA,1570171887,95,54.72,-113.29,33.47,5.28
290,Bowen,0,AU,1570171888,44,-20.01,148.25,77.0,17.22
291,Novikovo,0,RU,1570171890,73,51.15,37.89,59.59,10.49
292,Kaitangata,100,NZ,1570171891,41,-46.28,169.85,61.0,5.01
293,Atar,27,MR,1570171893,20,20.52,-13.05,81.86,5.86
294,Karratha,0,AU,1570171894,17,-20.74,116.85,99.43,19.1
295,Kuybysheve,0,UA,1570171895,55,47.36,36.65,67.33,6.58
296,Kurilsk,100,RU,1570171773,86,45.23,147.88,59.43,10.85
297,Ossora,89,RU,1570171898,88,59.24,163.07,32.34,2.68
298,Dawlatabad,93,AF,1570171899,24,36.41,64.91,67.13,4.72
299,Midland,1,US,1570171901,77,32.0,-102.08,71.6,11.41
300,San Andres,19,PH,1570171902,71,13.32,122.68,85.28,3.27
301,Manzil Salim,75,TN,1570171903,82,35.86,8.48,55.4,7.52
302,Bada,100,NG,1570171904,94,7.45,3.75,73.0,0.63
303,Ust-Ilimsk,88,RU,1570171906,70,57.96,102.73,47.14,11.34
304,Ponta Delgada,20,PT,1570171821,88,37.73,-25.67,69.01,12.75
305,Brokopondo,0,SR,1570171908,94,5.06,-54.98,75.2,3.36
306,Nosy Varika,44,MG,1570171909,78,-20.58,48.53,76.8,5.1
307,Kikwit,100,CD,1570171911,92,-5.04,18.82,70.99,3.42
308,Williams Lake,75,CA,1570171912,93,52.13,-122.14,39.2,5.82
309,Asahikawa,75,JP,1570171914,93,43.76,142.37,59.0,6.93
310,Raxaul,0,IN,1570171915,60,26.98,84.85,87.56,3.0
311,Matara,40,BI,1570171916,78,-3.48,29.48,73.4,10.18
312,Aykhal,90,RU,1570171918,92,65.95,111.51,26.6,2.24
313,Hobe Sound,1,US,1570171919,78,27.06,-80.14,79.0,3.29
314,Ambulu,0,ID,1570171920,88,-8.35,113.61,75.04,21.85
315,Puerto Plata,40,DO,1570171865,94,19.79,-70.69,80.01,5.12
316,Ambanja,20,MG,1570171923,62,-13.68,48.45,86.0,2.24
317,Paamiut,100,GL,1570171426,61,61.99,-49.67,43.46,7.54
318,Broken Hill,9,AU,1570171925,10,-31.97,141.45,93.2,5.82
319,Vostok,100,RU,1570171927,97,46.45,135.83,39.81,3.29
320,Saint-Georges,100,CA,1570171928,100,46.12,-70.67,39.99,5.3
321,Nanortalik,88,GL,1570171930,73,60.14,-45.24,39.63,4.29
322,Borogontsy,22,RU,1570171931,51,62.67,131.17,31.93,3.15
323,Bubaque,100,GW,1570171932,80,11.28,-15.83,80.56,3.65
324,Svetlogorsk,34,RU,1570171933,39,53.14,59.15,62.6,13.42
325,Kuytun,0,RU,1570171935,41,54.34,101.51,50.84,5.7
326,Voyvozh,97,RU,1570171936,78,62.89,54.96,36.55,1.7
327,Esperance,40,AU,1570171937,72,-33.86,121.89,66.2,12.75
328,Devgarh,90,IN,1570171939,77,31.13,77.45,66.2,4.7
329,Nantucket,90,US,1570171940,93,41.28,-70.1,57.0,14.99
330,Mao,40,DO,1570171802,94,19.55,-71.08,80.01,1.23
331,Beira,75,ES,1570171943,93,43.2,-8.36,63.0,6.26
332,Kysyl-Syr,98,RU,1570171944,93,63.9,122.77,32.88,5.95
333,San Policarpo,24,PH,1570171945,76,12.18,125.51,83.48,7.61
334,Mehamn,75,NO,1570171947,80,71.03,27.85,35.6,6.93
335,Abnub,0,EG,1570171949,34,27.27,31.15,80.6,4.7
336,Hamilton,90,CA,1570171950,93,43.26,-79.87,57.99,8.05
337,Airai,10,TL,1570171952,42,-8.93,125.41,86.02,1.95
338,Andros Town,20,BS,1570171954,88,24.73,-77.79,75.2,2.24
339,Livingston,75,US,1570171956,94,32.58,-88.19,78.8,5.17
340,Monterey,19,US,1570171718,76,36.6,-121.89,55.99,19.62
341,Pitimbu,40,BR,1570171960,88,-7.47,-34.81,75.2,8.05
342,Port Hedland,0,AU,1570171962,25,-20.31,118.58,98.6,18.34
343,Finspang,75,SE,1570171964,86,58.71,15.77,39.2,6.93
344,Gari,100,RU,1570171965,91,59.43,62.35,45.21,5.21
345,Port Hardy,90,CA,1570171967,100,50.7,-127.42,48.2,2.24
346,Gazimurskiy Zavod,73,RU,1570171969,34,51.55,118.33,44.24,11.07
347,Karabuk,0,TR,1570171970,63,41.2,32.63,64.4,4.7
348,Touros,40,BR,1570171972,83,-5.2,-35.46,75.2,8.05
349,Elko,1,US,1570171824,35,40.83,-115.76,48.99,3.36
350,Monster,90,NL,1570171975,100,52.03,4.17,55.0,12.75
351,Son La,74,VN,1570171976,56,21.32,103.9,84.99,0.13
352,Puerto Cabezas,67,NI,1570171978,91,14.04,-83.39,77.54,3.02
353,Sorland,40,NO,1570171980,56,67.67,12.69,42.8,11.41
354,Vanimo,83,PG,1570171981,66,-2.67,141.3,83.71,6.06
355,Ucluelet,2,CA,1570171983,82,48.94,-125.55,53.01,13.42
356,Ipoti,100,NG,1570171725,96,7.87,5.08,68.75,1.86
357,Palm Beach,75,AU,1570171986,72,-33.6,151.32,70.0,23.04
358,Oistins,40,BB,1570171405,78,13.07,-59.53,82.4,5.82
359,Kondinskoye,96,RU,1570171991,68,59.65,67.41,43.05,10.8
360,Dezful,1,IR,1570171993,16,32.38,48.4,95.84,5.19
361,Mayenne,0,FR,1570171995,93,48.3,-0.62,55.4,12.75
362,Belyy Yar,0,RU,1570171996,40,53.6,91.39,51.8,2.24
363,Kedougou,75,SN,1570171998,88,12.56,-12.19,75.2,4.7
364,Mandawar,0,IN,1570171999,60,29.49,78.13,85.64,1.39
365,Alice Springs,0,AU,1570172001,7,-23.7,133.88,93.2,14.99
366,Oume,75,CI,1570172003,100,6.38,-5.42,69.8,4.7
367,Balkhash,0,KZ,1570172004,14,46.84,74.98,60.8,15.66
368,Yar-Sale,65,RU,1570172006,94,66.83,70.83,34.36,20.07
369,Chara,75,GR,1570172007,72,39.42,22.43,66.2,6.93
370,Muswellbrook,7,AU,1570172009,21,-32.27,150.89,83.8,11.25
371,Rocha,96,UY,1570171946,91,-34.48,-54.34,52.28,9.98
372,Laguna,74,BZ,1570172012,98,16.17,-88.94,73.69,1.34
373,Redmond,75,US,1570171963,81,47.67,-122.12,54.0,5.82
374,Lompoc,1,US,1570172015,93,34.64,-120.46,57.99,16.96
375,Shingu,20,JP,1570172017,57,33.72,135.99,80.6,17.22
376,Bandarbeyla,100,SO,1570172019,59,9.49,50.81,82.45,7.43
377,Izumo,75,JP,1570172021,68,35.37,132.75,73.4,13.87
378,Nara,20,JP,1570172023,58,34.68,135.8,84.2,12.75
379,Bambanglipuro,13,ID,1570172024,84,-7.95,110.28,76.48,14.38
380,Salalah,40,OM,1570172026,62,17.01,54.1,86.0,12.75
381,Do Gonbadan,0,IR,1570172027,16,30.36,50.8,95.0,5.14
382,Altay,0,CN,1570172029,23,47.83,88.13,47.77,9.1
383,Fortuna,75,US,1570172031,100,40.6,-124.16,48.99,4.7
384,Emba,20,CY,1570172032,57,34.81,32.42,80.6,2.24
385,Jos,100,NG,1570172035,89,9.92,8.9,69.08,2.8
386,Seredka,100,RU,1570172037,93,58.06,38.14,48.74,8.3
387,Brae,20,GB,1570172039,93,60.4,-1.35,48.2,5.82
388,Kidal,0,ML,1570172040,17,18.44,1.41,83.71,6.93
389,Soyo,100,AO,1570172042,87,-6.13,12.37,75.85,12.77
390,Balfour,1,US,1570172043,100,35.35,-82.47,73.99,4.7
391,Misratah,7,LY,1570172031,68,32.38,15.09,74.1,21.9
392,Pandharpur,55,IN,1570172046,58,17.68,75.33,83.06,0.76
393,Nikki,100,BJ,1570172048,88,9.94,3.21,70.9,2.59
394,Amalapuram,40,IN,1570172049,62,16.58,82.0,89.6,10.29
395,Klaksvik,87,FO,1570172051,65,62.23,-6.59,44.6,13.87
396,Impfondo,100,CD,1570172052,94,1.62,18.06,72.34,1.12
397,Palmas Bellas,93,PA,1570172054,83,9.23,-80.09,78.01,15.3
398,Leningradskiy,100,RU,1570172055,82,69.38,178.42,33.53,15.68
399,Kindu,100,CD,1570172056,92,-2.95,25.92,73.22,1.9
400,Luderitz,0,NA,1570172057,71,-26.65,15.16,56.21,24.85
401,Rize,0,TR,1570172059,69,41.02,40.52,73.4,3.36
402,Scarborough,100,GB,1570172060,100,54.28,-0.41,51.01,4.7
403,Bonavista,13,CA,1570172061,81,48.65,-53.11,39.99,13.0
404,Mabaruma,53,GY,1570172063,99,8.2,-59.78,72.91,1.63
405,Kodino,100,RU,1570172064,83,63.72,39.64,32.63,10.94
406,Navirai,3,BR,1570172065,74,-23.07,-54.19,73.45,3.94
407,Tuktoyaktuk,100,CA,1570172067,89,69.44,-133.03,38.37,11.07
408,Saint-Leu,0,RE,1570172068,74,-21.15,55.28,82.4,24.16
409,Petrykiv,100,UA,1570172069,82,49.53,25.58,46.99,4.0
410,Moerai,12,PF,1570172071,75,-22.43,-151.33,72.05,9.46
411,Batagay,96,RU,1570172072,45,67.65,134.64,26.74,6.44
412,Herat,0,AF,1570172073,26,34.35,62.22,69.8,3.36
413,Omboue,100,GA,1570172074,80,-1.57,9.26,78.15,11.43
414,Palmer,0,AU,1570172076,22,-34.85,139.16,87.8,2.24
415,Saint-Pierre,90,FR,1570172077,100,48.95,4.24,53.01,11.41
416,Kahului,20,US,1570172079,78,20.89,-156.47,78.8,14.99
417,Caravelas,0,BR,1570172080,84,-17.73,-39.27,71.98,6.8
418,Pacific Grove,19,US,1570172081,76,36.62,-121.92,55.99,19.62
419,Georgetown,0,GY,1570172083,100,6.8,-58.16,75.2,2.24
420,Vuktyl,95,RU,1570172084,77,63.86,57.31,34.55,8.01
421,Hervey Bay,0,AU,1570172086,49,-25.3,152.85,73.99,11.41
422,Rafaela,100,AR,1570172087,84,-31.25,-61.49,55.99,3.0
423,Suntar,100,RU,1570172088,75,62.16,117.65,35.94,6.8
424,Hongjiang,16,CN,1570172090,34,27.21,109.83,91.69,5.01
425,Agadez,0,NE,1570172091,23,16.97,7.99,84.2,4.7
426,Alofi,98,NU,1570172092,88,-19.06,-169.92,73.4,10.29
427,La Rioja,57,AR,1570172094,93,-29.41,-66.86,44.89,3.42
428,Pangai,75,TO,1570172095,88,-19.8,-174.35,73.4,10.29
429,Irbeyskoye,0,RU,1570172096,36,55.64,95.45,53.81,10.58
430,Mahibadhoo,100,MV,1570172098,74,3.78,72.97,81.5,6.29
431,Aguimes,40,ES,1570172099,78,27.91,-15.45,73.99,25.28
432,Santa Fe,100,AR,1570172101,77,-31.62,-60.7,61.0,1.99
433,Ayagoz,0,KZ,1570172102,22,47.96,80.43,53.67,9.19
434,Maryville,1,US,1570172103,77,35.76,-83.97,75.99,4.43
435,Carballo,75,ES,1570172105,93,43.21,-8.69,63.0,1.12
436,Saint-Joseph,0,FR,1570172106,71,43.56,6.97,63.0,4.7
437,Tuatapere,100,NZ,1570172107,60,-46.13,167.69,57.0,15.99
438,Novouzensk,23,RU,1570172109,54,50.46,48.14,63.91,14.05
439,Isiolo,2,KE,1570172048,42,0.35,37.58,79.63,19.48
440,Nuuk,80,GL,1570172111,64,64.17,-51.74,39.2,3.36
441,Yumen,88,CN,1570172112,38,40.29,97.04,57.97,27.47
442,Dunedin,54,NZ,1570172114,80,-45.87,170.5,54.0,4.0
443,Manadhoo,85,MV,1570172115,72,5.77,73.38,82.7,7.49
444,Aberdeen,90,US,1570172117,100,46.98,-123.82,52.0,6.93
445,Port Macquarie,27,AU,1570172118,19,-31.43,152.91,86.0,14.99
446,Bud,0,NO,1570172120,74,62.91,6.91,44.6,8.05
447,Virginia Beach,1,US,1570171989,100,36.85,-75.98,77.0,13.47
448,Srandakan,13,ID,1570172122,84,-7.94,110.25,76.48,14.38
449,Ler,0,NO,1570172123,69,63.2,10.3,37.4,12.75
450,Nassjo,99,SE,1570172125,100,57.65,14.7,35.01,6.93
451,Belmonte,8,PT,1570172126,78,40.36,-7.35,59.0,2.77
452,North Bend,90,US,1570172127,93,43.41,-124.22,51.01,5.82
453,Sovetskiy,100,RU,1570172129,79,56.76,48.47,55.15,15.39
454,Mamu Kanjan,50,PK,1570172130,29,30.83,72.8,92.46,2.62
455,Verkhoyansk,96,RU,1570172132,41,67.55,133.39,24.53,7.96
456,Buchanan,75,LR,1570172133,94,5.88,-10.05,77.0,9.33
457,Sarti,92,GR,1570172134,78,40.1,23.98,72.05,11.83
458,Ambon,90,FR,1570172136,82,47.55,-2.56,60.01,9.17
459,Kunming,75,CN,1570172137,49,25.04,102.71,79.0,13.42
460,Novoagansk,94,RU,1570172138,83,61.94,76.66,41.34,17.02
461,Bezhetsk,100,RU,1570172139,93,57.78,36.69,45.01,8.63
462,Pangnirtung,0,CA,1570172141,69,66.15,-65.72,23.43,3.71
463,Usinsk,99,RU,1570172142,96,66.0,57.56,34.55,20.94
464,Uruzgan,0,AF,1570172143,10,32.93,66.63,60.83,15.59
465,Vrsac,40,RS,1570172145,87,45.12,21.3,54.0,2.24
466,Siria,100,BO,1570172146,95,-14.28,-66.79,68.88,2.77
467,Makakilo City,75,US,1570172147,78,21.35,-158.09,82.0,3.36
468,Panaba,48,MX,1570172149,94,21.28,-88.27,77.48,0.98
469,Taos,1,US,1570172150,81,36.41,-105.57,48.2,4.7
470,Mount Isa,5,AU,1570172151,14,-20.73,139.49,91.4,14.99
471,Guadalupe y Calvo,100,MX,1570172153,91,26.09,-106.96,57.25,4.05
472,Teguldet,93,RU,1570172154,55,57.31,88.17,49.13,12.84
473,Weinan,90,CN,1570172155,100,34.5,109.46,64.99,8.95
474,Los Lunas,1,US,1570172157,63,34.81,-106.76,63.0,9.17
475,Moi,99,NO,1570172158,85,58.46,6.55,45.0,11.01
476,Stephenville,75,CA,1570172159,56,48.55,-58.59,42.8,11.41
477,Burley,1,US,1570172160,43,42.54,-113.79,50.0,11.41
478,Kungurtug,0,RU,1570172162,33,50.6,97.53,46.34,2.86
479,Sao Joao da Barra,16,BR,1570172163,95,-21.64,-41.05,66.45,0.94
480,Kinshasa,90,CD,1570172164,94,-4.32,15.31,71.6,6.93
481,Saint-Sauveur-des-Monts,90,CA,1570172166,93,45.9,-74.17,43.0,8.05
482,Fairbanks,90,US,1570172078,100,64.84,-147.72,37.99,4.7
483,Staunton,1,US,1570172168,82,38.15,-79.07,75.0,4.16
484,Juegang,0,CN,1570172170,55,32.31,121.18,87.01,9.4
485,Kavaratti,40,IN,1570172171,70,10.57,72.64,87.8,5.88
486,Lamu,81,CN,1570172172,53,35.77,102.37,56.14,3.15
487,Vardo,90,US,1570172174,94,39.62,-77.74,72.0,5.82
488,Bonito,0,BR,1570172175,97,-1.36,-47.3,70.73,4.32
489,Mosina,82,PL,1570172176,96,52.25,16.85,46.99,1.59
490,Nema,99,RU,1570172177,81,57.51,50.5,54.77,12.68
491,Karangampel,5,ID,1570172179,23,-6.46,108.44,101.87,6.58
492,Turayf,0,SA,1570172180,43,31.68,38.65,71.6,4.7
493,Manavgat,0,TR,1570172182,69,36.79,31.44,75.2,5.82
494,Umm Kaddadah,93,SD,1570172183,57,13.6,26.69,81.48,10.47
495,Sungaipenuh,58,ID,1570172184,61,-2.08,101.38,87.08,5.39
496,Florianopolis,75,BR,1570171909,93,-27.6,-48.55,66.99,2.24
497,Kralendijk,36,BQ,1570172187,79,12.15,-68.27,84.2,12.75
498,Puerto Montt,75,CL,1570172188,93,-41.47,-72.94,41.0,3.36
499,Makarov,100,RU,1570172189,95,48.62,142.78,33.69,7.05
500,Faya,0,SA,1570172191,23,18.39,42.45,77.0,8.05
501,Santiago del Estero,98,AR,1570172192,85,-27.8,-64.26,53.26,6.08
502,Lokoja,98,NG,1570172194,95,7.8,6.74,72.7,3.15
503,Kassala,71,SD,1570172195,53,15.45,36.38,87.58,11.52
504,Kudahuvadhoo,100,MV,1570172196,66,2.67,72.89,82.99,3.62
505,Gobabis,0,NA,1570172198,11,-22.45,18.97,64.4,1.9
506,Alliance,40,US,1570172199,71,40.92,-81.11,61.0,8.05
507,Venice,1,US,1570172200,88,27.1,-82.45,75.99,5.82
508,Igarka,100,RU,1570172202,93,67.47,86.57,44.67,14.41
509,Saravan,88,AM,1570172203,49,39.72,45.65,71.6,6.93
510,Atyrau,0,KZ,1570172204,34,47.1,51.92,64.4,15.66
511,Dingle,25,PH,1570172206,60,11.0,122.67,87.44,3.58
512,Hofn,100,IS,1570172207,99,64.25,-15.21,31.12,5.57
513,Belomorsk,100,RU,1570172208,76,64.52,34.76,36.66,12.33
514,Tura,100,RU,1570172209,95,64.27,100.22,38.84,6.55
515,Coromandel,0,BR,1570172211,39,-18.47,-47.2,71.31,7.72
516,Caxito,0,BR,1570172212,93,-22.65,-42.51,60.56,1.81
517,Deputatskiy,100,RU,1570172213,83,69.3,139.9,17.6,25.41
518,Sun Valley,1,US,1570171951,42,39.6,-119.78,52.0,11.41
519,Aripuana,41,BR,1570172216,95,-9.17,-60.63,71.81,0.85
520,Urbana,1,US,1570171951,87,40.11,-88.21,53.01,6.93
521,Shiyan,100,CN,1570172218,40,32.65,110.78,75.99,1.01
522,Basco,1,US,1570172220,100,40.33,-91.2,50.0,5.82
523,San Rafael,59,AR,1570172221,79,-34.61,-68.33,41.99,4.38
524,Zaraza,100,VE,1570172223,96,9.35,-65.33,72.25,1.79
525,Mto wa Mbu,77,TZ,1570172224,59,-3.38,35.86,69.47,17.87
